home,score,away,date,location,home_gols,away_gols
France ,4–1, Mexico,13 July 1930,"Estadio Pocitos, Montevideo","[""L. Laurent  19'Langiller  40'Maschinot  43', 87'""]","[""Carreño  70'""]"
Argentina ,1–0, France,15 July 1930,"Estadio Parque Central, Montevideo","[""Monti  81'""]",[]
Chile ,3–0, Mexico,16 July 1930,"Estadio Parque Central, Montevideo","[""Vidal  3', 65'[62][63]M. Rosas  52'(o.g.)""]",[]
Chile ,1–0, France,19 July 1930,"Estadio Centenario, Montevideo","[""Subiabre  67'[62]""]",[]
Argentina ,6–3, Mexico,19 July 1930,"Estadio Centenario, Montevideo","[""Stábile  8', 17', 80'Zumelzú  12', 55'Varallo  53'""]","[""M. Rosas  42'(pen.), 65'Gayón  75'""]"
Argentina ,3–1, Chile,22 July 1930,"Estadio Centenario, Montevideo","[""Stábile  12', 13'M. Evaristo  51'""]","[""Subiabre  15'[62][64]""]"
Yugoslavia ,2–1, Brazil,14 July 1930,"Estadio Parque Central, Montevideo","[""Tirnanić  21'Bek  30'""]","[""Preguinho  62'""]"
Yugoslavia ,4–0, Bolivia,17 July 1930,"Estadio Parque Central, Montevideo","[""Bek  60', 67'Marjanović  65'Vujadinović  85'[65]""]",[]
Brazil ,4–0, Bolivia,20 July 1930,"Estadio Centenario, Montevideo","[""Moderato  37', 73'Preguinho  57', 83'""]",[]
Romania ,3–1, Peru,14 July 1930,"Estadio Pocitos, Montevideo","[""Deşu  1'[66]Stanciu  79'[66]Kovács  89'[66]""]","[""De Souza  75'""]"
Uruguay ,1–0, Peru,18 July 1930,"Estadio Centenario, Montevideo","[""Castro  65'""]",[]
Uruguay ,4–0, Romania,21 July 1930,"Estadio Centenario, Montevideo","[""Dorado  7'Scarone  26'[66]Anselmo  31'Cea  35'[66]""]",[]
United States ,3–0, Belgium,13 July 1930,"Estadio Parque Central, Montevideo","[""McGhee  23'[67]Florie  45'[67]Patenaude  69'[67]""]",[]
United States ,3–0, Paraguay,17 July 1930,"Estadio Parque Central, Montevideo","[""Patenaude  10', 15', 50'[68]""]",[]
Paraguay ,1–0, Belgium,20 July 1930,"Estadio Centenario, Montevideo","[""Vargas Peña  40'[67]""]",[]
Argentina ,6–1, United States,26 July 1930,"Estadio Centenario, Montevideo","[""Monti  20'Scopelli  56'Stábile  69', 87'Peucelle  80', 85'""]","[""Brown  89'""]"
Uruguay ,6–1, Yugoslavia,27 July 1930,"Estadio Centenario, Montevideo","[""Cea  18', 67', 72'[69]Anselmo  20', 31'[69]Iriarte  61'[69]""]","[""Vujadinović  4'[69]""]"
Uruguay ,4–2, Argentina,30 July 1930 (1930-07-30),"Estadio Centenario, Montevideo","[""Dorado  12'Cea  57'[70]Iriarte  68'Castro  89'""]","[""Peucelle  20'Stábile  37'[70]""]"
Spain ,3–1, Brazil,27 May 1934,"Stadio Luigi Ferraris, Genoa","[""Iraragorri  18'(pen.), 25'Lángara  29'""]","[""Leônidas  55'""]"
Hungary ,4–2, Egypt,27 May 1934,"Stadio Giorgio Ascarelli, Naples","[""Teleki  11'Toldi  31', 61'Vincze  53'""]","[""Fawzi  35', 39'""]"
Switzerland ,3–2, Netherlands,27 May 1934,"Stadio San Siro, Milan","[""Kielholz  7', 43'Abegglen  66'""]","[""Smit  29'Vente  69'""]"
Italy ,7–1, United States,27 May 1934,"Stadio Nazionale PNF, Rome","[""Schiavio  18', 29', 64'Orsi  20', 69'Ferrari  63'Meazza  90'""]","[""Donelli  57'""]"
Czechoslovakia ,2–1, Romania,27 May 1934,"Stadio Littorio, Trieste","[""Puč  50'Nejedlý  67'""]","[""Dobay  11'""]"
Sweden ,3–2, Argentina,27 May 1934,"Stadio Littoriale, Bologna","[""Jonasson  9', 67'Kroon  79'""]","[""Belis  4'Galateo  48'""]"
Austria ,3–2 (a.e.t.), France,27 May 1934,"Stadio Benito Mussolini, Turin","[""Sindelar  44'Schall  93'Bican  109'""]","[""Nicolas  18'Verriest  116'(pen.)""]"
Germany ,5–2, Belgium,27 May 1934,"Stadio Giovanni Berta, Florence","[""Kobierski  25'Siffling  49'Conen  66', 70', 87'""]","[""Voorhoof  29', 43'""]"
Austria ,2–1, Hungary,31 May 1934,"Stadio Littoriale, Bologna","[""Horvath  8'Zischek  51'""]","[""Sárosi  60'(pen.)""]"
Italy ,1–1 (a.e.t.), Spain,31 May 1934,"Stadio Giovanni Berta, Florence","[""Ferrari  44'""]","[""Regueiro  30'""]"
Germany ,2–1, Sweden,31 May 1934,"Stadio San Siro, Milan","[""Hohmann  60', 63'""]","[""Dunker  82'""]"
Czechoslovakia ,3–2, Switzerland,31 May 1934,"Stadio Benito Mussolini, Turin","[""Svoboda  24'Sobotka  49'Nejedlý  82'""]","[""Kielholz  18'Jäggi  78'""]"
Italy ,1–0, Spain,1 June 1934,"Stadio Giovanni Berta, Florence","[""Meazza  11'""]",[]
Italy ,1–0, Austria,3 June 1934,"Stadio San Siro, Milan","[""Guaita  19'""]",[]
Czechoslovakia ,3–1, Germany,3 June 1934,"Stadio Nazionale PNF, Rome","[""Nejedlý  21', 69', 80'""]","[""Noack  62'""]"
Germany ,3–2, Austria,7 June 1934,"Stadio Giorgio Ascarelli, Naples","[""Lehner  1', 42'Conen  27'""]","[""Horvath  28'Sesta  54'""]"
Italy ,2–1 (a.e.t.), Czechoslovakia,10 June 1934,"Stadio Nazionale PNF, Rome","[""Orsi  81'Schiavio  95'""]","[""Puč  71'""]"
Switzerland ,1–1 (a.e.t.), Germany,4 June 1938,"Parc des Princes, Paris","[""Abegglen  43'""]","[""Gauchel  29'""]"
Hungary ,6–0, Dutch East Indies,5 June 1938,"Vélodrome Municipal, Reims","[""Kohut  13'Toldi  15'Sárosi  28', 89'Zsengellér  35', 76'""]",[]
Sweden ,w/o[a], Austria,5 June 1938,"Stade Gerland, Lyo",[],[]
Cuba ,3–3 (a.e.t.), Romania,5 June 1938,"Stade du T.O.E.C., Toulouse","[""Socorro  44', 103'Magriñá  69'""]","[""Bindea  35'Barátky  88'Dobay  105'""]"
France ,3–1, Belgium,5 June 1938,"Stade Olympique de Colombes, Colombes","[""Veinante  1'Nicolas  16', 69'""]","[""Isemborghs  38'""]"
Italy ,2–1 (a.e.t.), Norway,5 June 1938,"Stade Vélodrome, Marseille","[""Ferraris  2'Piola  94'""]","[""Brustad  83'""]"
Brazil ,6–5 (a.e.t.), Poland,5 June 1938 (1938-06-05),"Stade de la Meinau, Strasbourg","[""Leônidas  18', 93', 104'Romeu  25'Perácio  44', 71'""]","[""Scherfke  23'(pen.)Wilimowski  53', 59', 89', 118'""]"
Czechoslovakia ,3–0 (a.e.t.), Netherlands,5 June 1938,"Stade municipal, Le Havre","[""Košťálek  93'Zeman  111'Nejedlý  118'""]",[]
Switzerland ,4–2, Germany,9 June 1938,"Parc des Princes, Paris","[""Walaschek  42'Bickel  64'Abegglen  75', 78'""]","[""Hahnemann  8'Lörtscher  22'(o.g.)""]"
Cuba ,2–1, Romania,9 June 1938,"Stade du T.O.E.C., Toulouse","[""Socorro  51'Fernández  57'""]","[""Dobay  35'""]"
Hungary ,2–0, Switzerland,12 June 1938,"Stade Victor Boucquey, Lille","[""Sárosi  40'Zsengellér  89'[c]""]",[]
Sweden ,8–0, Cuba,12 June 1938,"Stade du Fort Carré, Antibes","[""H. Andersson  9', 81', 89'[d]Wetterström  22', 37', 44'Keller  80'[e]Nyberg  84'[f]""]",[]
Italy ,3–1, France,12 June 1938,"Stade Olympique de Colombes, Colombes","[""Colaussi  9'Piola  51', 72'""]","[""Heisserer  10'""]"
Brazil ,1–1 (a.e.t.), Czechoslovakia,12 June 1938,"Parc Lescure, Bordeaux","[""Leônidas  30'""]","[""Nejedlý  65'(pen.)""]"
Brazil ,2–1, Czechoslovakia,14 June 1938,"Parc Lescure, Bordeaux","[""Leônidas  57'Roberto  62'[g]""]","[""Kopecký  25'""]"
Hungary ,5–1, Sweden,16 June 1938,"Parc des Princes, Paris","[""Jacobsson  19'(o.g.)Titkos  37'Zsengellér  39', 85'Sárosi  65'""]","[""Nyberg  1'""]"
Italy ,2–1, Brazil,16 June 1938,"Stade Vélodrome, Marseille","[""Colaussi  51'Meazza  60'(pen.)""]","[""Romeu  87'""]"
Brazil ,4–2, Sweden,19 June 1938,"Parc Lescure, Bordeaux","[""Romeu  44'Leônidas  63', 74'Perácio  80'""]","[""Jonasson  28'Nyberg  38'""]"
Italy ,4–2, Hungary,19 June 1938,"Stade Olympique de Colombes, Paris","[""Colaussi  6', 35'Piola  16', 82'""]","[""Titkos  8'Sárosi  70'""]"
Brazil ,4–0, Mexico,24 June 1950,"Estádio do Maracanã, Rio de Janeiro","[""Ademir  30', 79'Jair  65'Baltazar  71'""]",[]
Yugoslavia ,3–0, Switzerland,25 June 1950,"Estádio Independência, Belo Horizonte","[""Mitić  59'Tomašević  70'Ognjanov  84'""]",[]
Brazil ,2–2, Switzerland,28 June 1950,"Estádio do Pacaembu, São Paulo","[""Alfredo  3'Baltazar  32'""]","[""Fatton  17', 88'""]"
Yugoslavia ,4–1, Mexico,28 June 1950,"Estádio dos Eucaliptos, Porto Alegre","[""Bobek  20'Ž. Čajkovski  23', 51'Tomašević  81'""]","[""Ortiz  89'(pen.)""]"
Brazil ,2–0, Yugoslavia,1 July 1950,"Estádio do Maracanã, Rio de Janeiro","[""Ademir  4'Zizinho  69'""]",[]
Switzerland ,2–1, Mexico,2 July 1950,"Estádio dos Eucaliptos, Porto Alegre","[""Bader  10'Antenen  44'""]","[""Casarín  89'""]"
England ,2–0, Chile,25 June 1950,"Estádio do Maracanã, Rio de Janeiro","[""Mortensen  39'Mannion  51'""]",[]
Spain ,3–1, United States,25 June 1950,"Estádio Durival de Britto, Curitiba","[""Igoa  81'Basora  83'Zarra  89'""]","[""Pariani  17'""]"
Spain ,2–0, Chile,29 June 1950,"Estádio do Maracanã, Rio de Janeiro","[""Basora  17'Zarra  30'""]",[]
United States ,1–0, England,29 June 1950,"Estádio Independência, Belo Horizonte","[""Gaetjens  38'""]",[]
Spain ,1–0, England,2 July 1950,"Estádio do Maracanã, Rio de Janeiro","[""Zarra  48'""]",[]
Chile ,5–2, United States,2 July 1950,"Estádio Ilha do Retiro, Recife","[""Robledo  16'Cremaschi  32', 60'Prieto  54'Riera  82'""]","[""Wallace  47'Maca  48'(pen.)""]"
Sweden ,3–2, Italy,25 June 1950,"Estádio do Pacaembu, São Paulo","[""Jeppson  25', 68'Andersson  33'""]","[""Carapellese  7'Muccinelli  75'""]"
Sweden ,2–2, Paraguay,29 June 1950,"Estádio Durival Britto, Curitiba","[""Sundqvist  17'Palmér  26'""]","[""López  35'López Fretes  74'""]"
Italy ,2–0, Paraguay,2 July 1950,"Estádio do Pacaembu, São Paulo","[""Carapellese  12'Pandolfini  62'""]",[]
Uruguay ,8–0, Bolivia,2 July 1950,"Estádio Independência, Belo Horizonte","[""Míguez  14', 40', 51'Vidal  18'Schiaffino  23', 54'Pérez  83'Ghiggia  87'""]",[]
Uruguay ,2–2, Spain,9 July 1950,"Estádio do Pacaembu, São Paulo","[""Ghiggia  29'Varela  73'""]","[""Basora  37', 39'""]"
Brazil ,7–1, Sweden,9 July 1950,"Estádio do Maracanã, Rio de Janeiro","[""Ademir  17', 36', 52', 58'Chico  39', 88'Maneca  85'""]","[""Andersson  67'(pen.)""]"
Brazil ,6–1, Spain,13 July 1950,"Estádio do Maracanã, Rio de Janeiro","[""Ademir  15', 57'Jair  21'Chico  31', 55'Zizinho  67'""]","[""Igoa  71'""]"
Uruguay ,3–2, Sweden,13 July 1950,"Estádio do Pacaembu, São Paulo","[""Ghiggia  39'Míguez  77', 85'""]","[""Palmér  5'Sundqvist  40'""]"
Sweden ,3–1, Spain,16 July 1950,"Estádio do Pacaembu, São Paulo","[""Sundqvist  15'Mellberg  33'Palmér  80'""]","[""Zarra  82'""]"
Uruguay ,2–1, Brazil,16 July 1950,"Estádio do Maracanã, Rio de Janeiro","[""Schiaffino  66'Ghiggia  79'""]","[""Friaça  47'""]"
Brazil ,5–0, Mexico,16 June 1954,"Charmilles Stadium, Geneva","[""Baltazar  23'Didi  30'Pinga  34', 43'Julinho  69'""]",[]
Yugoslavia ,1–0, France,16 June 1954,"Stade Olympique de la Pontaise, Lausanne","[""Milutinović  15'""]",[]
Brazil ,1–1 (a.e.t.), Yugoslavia,19 June 1954,"Stade Olympique de la Pontaise, Lausanne","[""Didi  69'""]","[""Zebec  48'""]"
France ,3–2, Mexico,19 June 1954,"Charmilles Stadium, Geneva","[""Vincent  19'Cárdenas  46'(o.g.)Kopa  88'(pen.)""]","[""Lamadrid  54'Balcázar  85'""]"
West Germany ,4–1, Turkey,17 June 1954,"Wankdorf Stadium, Bern","[""Schäfer  14'Klodt  52'O. Walter  60'Morlock  84'""]","[""Suat  2'""]"
Hungary ,9–0, South Korea,17 June 1954,"Hardturm Stadium, Zürich","[""Puskás  12', 89'Lantos  18'Kocsis  24', 36', 50'Czibor  59'Palotás  75', 83'""]",[]
Hungary ,8–3, West Germany,20 June 1954,"St. Jakob Stadium, Basel","[""Kocsis  3', 21', 69', 78'Puskás  17'Hidegkuti  52', 54'J. Tóth  75'""]","[""Pfaff  25'Rahn  77'Herrmann  84'""]"
Turkey ,7–0, South Korea,20 June 1954,"Charmilles Stadium, Geneva","[""Suat  10', 30'Lefter  24'Burhan  37', 64', 70'Erol  76'""]",[]
West Germany ,7–2, Turkey,23 June 1954,"Hardturm Stadium, Zürich","[""O. Walter  7'Schäfer  12', 79'Morlock  30', 60', 77'F. Walter  62'""]","[""Mustafa  21'Lefter  82'""]"
Uruguay ,2–0, Czechoslovakia,16 June 1954,"Wankdorf Stadium, Bern","[""Míguez  71'Schiaffino  84'""]",[]
Austria ,1–0, Scotland,16 June 1954,"Hardturm Stadium, Zürich","[""Probst  33'""]",[]
Uruguay ,7–0, Scotland,19 June 1954,"St. Jakob Stadium, Basel","[""Borges  17', 47', 57'Míguez  30', 83'Abbadie  54', 85'""]",[]
Austria ,5–0, Czechoslovakia,19 June 1954,"Hardturm Stadium, Zürich","[""Stojaspal  3', 65'Probst  4', 21', 24'""]",[]
Switzerland ,2–1, Italy,17 June 1954,"Stade Olympique de la Pontaise, Lausanne","[""Ballaman  18'Hügi  78'""]","[""Boniperti  44'""]"
England ,4–4 (a.e.t.), Belgium,17 June 1954,"St. Jakob Stadium, Basel","[""Broadis  26', 63'Lofthouse  36', 91'""]","[""Anoul  5', 71'Coppens  67'Dickinson  94'(o.g.)""]"
Italy ,4–1, Belgium,20 June 1954,"Cornaredo Stadium, Lugano","[""Pandolfini  41'(pen.)Galli  48'Frignani  58'Lorenzi  78'""]","[""Anoul  81'""]"
England ,2–0, Switzerland,20 June 1954,"Wankdorf Stadium, Bern","[""Mullen  43'Wilshaw  69'""]",[]
Switzerland ,4–1, Italy,23 June 1954,"St. Jakob Stadium, Basel","[""Hügi  14', 85'Ballaman  48'Fatton  90'""]","[""Nesti  67'""]"
Austria ,7–5, Switzerland,26 June 1954,"Stade Olympique de la Pontaise, Lausanne","[""Wagner  25', 27', 53'A. Körner  26', 34'Ocwirk  32'Probst  76'""]","[""Ballaman  16', 39'Hügi  17', 19', 60'""]"
Uruguay ,4–2, England,26 June 1954,"St. Jakob Stadium, Basel","[""Borges  5'Varela  39'Schiaffino  46'Ambrois  78'""]","[""Lofthouse  16'Finney  67'""]"
West Germany ,2–0, Yugoslavia,27 June 1954,"Charmilles Stadium, Geneva","[""Horvat  9'(o.g.)Rahn  85'""]",[]
Hungary ,4–2, Brazil,27 June 1954,"Wankdorf Stadium, Bern","[""Hidegkuti  4'Kocsis  7', 88'Lantos  60'(pen.)""]","[""Djalma Santos  18'(pen.)Julinho  65'""]"
West Germany ,6–1, Austria,30 June 1954,"St. Jakob Stadium, Basel","[""Schäfer  31'Morlock  47'F. Walter  54'(pen.), 64'(pen.)O. Walter  61', 89'""]","[""Probst  51'""]"
Hungary ,4–2 (a.e.t.), Uruguay,30 June 1954,"Stade Olympique de la Pontaise, Lausanne","[""Czibor  13'Hidegkuti  46'Kocsis  111', 116'""]","[""Hohberg  75', 86'""]"
Austria ,3–1, Uruguay,3 July 1954,"Hardturm Stadium, Zürich","[""Stojaspal  16'(pen.)Cruz  59'(o.g.)Ocwirk  89'""]","[""Hohberg  22'""]"
West Germany ,3–2, Hungary,4 July 1954 (1954-07-04),"Wankdorf Stadium, Bern","[""Morlock  10'"", ""Rahn  18', 84'""]","[""Puskás  6'"", ""Czibor  8'""]"
Argentina ,1–3, West Germany,8 June 1958,"Malmö Stadion, Malmö","[""Corbatta  3'""]","[""Rahn  32', 79'Seeler  42'""]"
Northern Ireland ,1–0, Czechoslovakia,8 June 1958,"Örjans Vall, Halmstad","[""Cush  21'""]",[]
West Germany ,2–2, Czechoslovakia,11 June 1958,"Olympiastadion, Helsingborg","[""Schäfer  60'Rahn  71'""]","[""Dvořák  24'(pen.)Zikán  42'""]"
Argentina ,3–1, Northern Ireland,11 June 1958,"Örjans Vall, Halmstad","[""Corbatta  37'(pen.)Menéndez  56'Avio  60'""]","[""McParland  4'""]"
West Germany ,2–2, Northern Ireland,15 June 1958,"Malmö Stadion, Malmö","[""Rahn  20'Seeler  78'""]","[""McParland  18', 60'""]"
Czechoslovakia ,6–1, Argentina,15 June 1958,"Olympiastadion, Helsingborg","[""Dvořák  8'Zikán  17', 40'Feureisl  69'Hovorka  82', 89'""]","[""Corbatta  65'(pen.)""]"
Northern Ireland ,2–1 (a.e.t.), Czechoslovakia,17 June 1958,"Malmö Stadion, Malmö","[""McParland  44', 97'""]","[""Zikán  18'""]"
France ,7–3, Paraguay,8 June 1958,"Idrottsparken, Norrköping","[""Fontaine  24', 30', 67'Piantoni  52'Wisnieski  61'Kopa  70'Vincent  83'""]","[""Amarilla  20', 44'(pen.)Romero  50'""]"
Yugoslavia ,1–1, Scotland,8 June 1958,"Arosvallen, Västerås","[""Petaković  6'""]","[""Murray  49'""]"
Yugoslavia ,3–2, France,11 June 1958,"Arosvallen, Västerås","[""Petaković  16'Veselinović  63', 88'""]","[""Fontaine  4', 85'""]"
Paraguay ,3–2, Scotland,11 June 1958,"Idrottsparken, Norrköping","[""Agüero  4'Ré  45'Parodi  73'""]","[""Mudie  24'Collins  74'""]"
France ,2–1, Scotland,15 June 1958,"Eyravallen, Örebro","[""Kopa  22'Fontaine  44'""]","[""Baird  58'""]"
Paraguay ,3–3, Yugoslavia,15 June 1958,"Tunavallen, Eskilstuna","[""Parodi  20'Agüero  52'Romero  80'""]","[""Ognjanović  18'Veselinović  21'Rajkov  73'""]"
Sweden ,3–0, Mexico,8 June 1958,"Råsunda Stadium, Solna","[""Simonsson  17', 64'Liedholm  57'(pen.)""]",[]
Hungary ,1–1, Wales,8 June 1958,"Jernvallen, Sandviken","[""Bozsik  5'""]","[""J. Charles  27'""]"
Mexico ,1–1, Wales,11 June 1958,"Råsunda Stadium, Solna","[""Belmonte  89'""]","[""I. Allchurch  32'""]"
Sweden ,2–1, Hungary,12 June 1958,"Råsunda Stadium, Solna","[""Hamrin  34', 55'""]","[""Tichy  77'""]"
Sweden ,0–0, Wales,15 June 1958,"Råsunda Stadium, Solna",[],[]
Hungary ,4–0, Mexico,15 June 1958,"Jernvallen, Sandviken","[""Tichy  19', 46'Sándor  54'Bencsics  69'""]",[]
Wales ,2–1, Hungary,17 June 1958,"Råsunda Stadium, Solna","[""I. Allchurch  55'Medwin  76'""]","[""Tichy  33'""]"
Brazil ,3–0, Austria,8 June 1958,"Rimnersvallen, Uddevalla","[""Altafini  37', 85'Nílton Santos  50'""]",[]
Soviet Union ,2–2, England,8 June 1958,"Ullevi, Gothenburg","[""Simonyan  13'A. Ivanov  56'""]","[""Kevan  66'Finney  85'(pen.)""]"
Brazil ,0–0, England,11 June 1958,"Ullevi, Gothenburg",[],[]
Soviet Union ,2–0, Austria,11 June 1958,"Ryavallen, Borås","[""Ilyin  15'V. Ivanov  62'""]",[]
England ,2–2, Austria,15 June 1958,"Ryavallen, Borås","[""Haynes  56'Kevan  74'""]","[""Koller  15'Körner  71'""]"
Brazil ,2–0, Soviet Union,15 June 1958,"Ullevi, Gothenburg","[""Vavá  3', 77'""]",[]
Soviet Union ,1–0, England,17 June 1958,"Ullevi, Gothenburg","[""Ilyin  69'""]",[]
Brazil ,1–0, Wales,19 June 1958,"Ullevi, Gothenburg","[""Pelé  66'""]",[]
France ,4–0, Northern Ireland,19 June 1958,"Idrottsparken, Norrköping","[""Wisnieski  44'Fontaine  55', 63'Piantoni  68'""]",[]
Sweden ,2–0, Soviet Union,19 June 1958,"Råsunda Stadium, Solna","[""Hamrin  49'Simonsson  88'""]",[]
West Germany ,1–0, Yugoslavia,19 June 1958,"Malmö Stadion, Malmö","[""Rahn  12'""]",[]
Brazil ,5–2, France,24 June 1958,"Råsunda Stadium, Solna","[""Vavá  2'Didi  39'Pelé  52', 64', 75'""]","[""Fontaine  9'Piantoni  83'""]"
Sweden ,3–1, West Germany,24 June 1958,"Ullevi, Gothenburg","[""Skoglund  32'Gren  81'Hamrin  88'""]","[""Schäfer  24'""]"
France ,6–3, West Germany,28 June 1958,"Ullevi, Gothenburg","[""Fontaine  16', 36', 78', 89'Kopa  27'(pen.)Douis  50'""]","[""Cieslarczyk  18'Rahn  52'Schäfer  84'""]"
Brazil ,5–2, Sweden,29 June 1958,"Råsunda Stadium, Solna","[""Vavá  9', 32'Pelé  55', 90'Zagallo  68'""]","[""Liedholm  4'Simonsson  80'""]"
Uruguay ,2–1, Colombia,30 May 1962,"Estadio Carlos Dittborn, Arica","[""Cubilla  56'Sasía  75'""]","[""Zuluaga  19'(pen.)""]"
Soviet Union ,2–0, Yugoslavia,31 May 1962,"Estadio Carlos Dittborn, Arica","[""Ivanov  51'Ponedelnik  83'""]",[]
Yugoslavia ,3–1, Uruguay,2 June 1962,"Estadio Carlos Dittborn, Arica","[""Skoblar  25'(pen.)Galić  29'Jerković  49'""]","[""Cabrera  19'""]"
Soviet Union ,4–4, Colombia,3 June 1962,"Estadio Carlos Dittborn, Arica","[""Ivanov  8', 11'Chislenko  10'Ponedelnik  56'""]","[""Aceros  21'Coll  68'Rada  72'Klinger  86'""]"
Soviet Union ,2–1, Uruguay,6 June 1962,"Estadio Carlos Dittborn, Arica","[""Mamykin  38'Ivanov  89'""]","[""Sasía  54'""]"
Yugoslavia ,5–0, Colombia,7 June 1962,"Estadio Carlos Dittborn, Arica","[""Galić  20', 61'Jerković  25', 87'Melić  82'""]",[]
Chile ,3–1, Switzerland,30 May 1962,"Estadio Nacional, Santiago","[""L. Sánchez  44', 55'Ramírez  51'""]","[""Wüthrich  6'""]"
West Germany ,0–0, Italy,31 May 1962,"Estadio Nacional, Santiago",[],[]
Chile ,2–0, Italy,2 June 1962,"Estadio Nacional, Santiago","[""Ramírez  73'Toro  87'""]",[]
West Germany ,2–1, Switzerland,3 June 1962,"Estadio Nacional, Santiago","[""Brülls  45'Seeler  59'""]","[""Schneiter  73'""]"
West Germany ,2–0, Chile,6 June 1962,"Estadio Nacional, Santiago","[""Szymaniak  21'(pen.)Seeler  82'""]",[]
Italy ,3–0, Switzerland,7 June 1962,"Estadio Nacional, Santiago","[""Mora  2'Bulgarelli  65', 67'""]",[]
Brazil ,2–0, Mexico,30 May 1962,"Estadio Sausalito, Viña del Mar","[""Zagallo  56'Pelé  73'""]",[]
Czechoslovakia ,1–0, Spain,31 May 1962,"Estadio Sausalito, Viña del Mar","[""Štibrányi  80'""]",[]
Brazil ,0–0, Czechoslovakia,2 June 1962,"Estadio Sausalito, Viña del Mar",[],[]
Spain ,1–0, Mexico,3 June 1962,"Estadio Sausalito, Viña del Mar","[""Peiró  90'""]",[]
Brazil ,2–1, Spain,6 June 1962,"Estadio Sausalito, Viña del Mar","[""Amarildo  72', 86'""]","[""Adelardo  35'""]"
Mexico ,3–1, Czechoslovakia,7 June 1962,"Estadio Sausalito, Viña del Mar","[""Díaz  12'Del Águila  29'Hernández  90'(pen.)""]","[""Mašek  1'""]"
Argentina ,1–0, Bulgaria,30 May 1962,"Estadio El Teniente, Rancagua","[""Facundo  4'""]",[]
Hungary ,2–1, England,31 May 1962,"Estadio El Teniente, Rancagua","[""Tichy  17'Albert  71'""]","[""Flowers  60'(pen.)""]"
England ,3–1, Argentina,2 June 1962,"Estadio El Teniente, Rancagua","[""Flowers  17'(pen.)Charlton  42'Greaves  67'""]","[""Sanfilippo  81'""]"
Hungary ,6–1, Bulgaria,3 June 1962,"Estadio El Teniente, Rancagua","[""Albert  1', 6', 53'Tichy  8', 70'Solymosi  12'""]","[""Sokolov  64'[14]""]"
Hungary ,0–0, Argentina,6 June 1962,"Estadio El Teniente, Rancagua",[],[]
England ,0–0, Bulgaria,7 June 1962,"Estadio El Teniente, Rancagua",[],[]
Chile ,2–1, Soviet Union,10 June 1962,"Estadio Carlos Dittborn, Arica","[""L. Sánchez  11'Rojas  29'""]","[""Chislenko  26'""]"
Czechoslovakia ,1–0, Hungary,10 June 1962,"Estadio El Teniente, Rancagua","[""Scherer  13'""]",[]
Brazil ,3–1, England,10 June 1962,"Estadio Sausalito, Viña del Mar","[""Garrincha  31', 59'Vavá  53'""]","[""Hitchens  38'""]"
Yugoslavia ,1–0, West Germany,10 June 1962,"Estadio Nacional, Santiago","[""Radaković  85'""]",[]
Czechoslovakia ,3–1, Yugoslavia,13 June 1962,"Estadio Sausalito, Viña del Mar","[""Kadraba  48'Scherer  80', 84'(pen.)""]","[""Jerković  69'""]"
Brazil ,4–2, Chile,13 June 1962,"Estadio Nacional, Santiago","[""Garrincha  9', 32'Vavá  47', 78'""]","[""Toro  42'L. Sánchez  61'(pen.)""]"
Chile ,1–0, Yugoslavia,16 June 1962,"Estadio Nacional, Santiago","[""Rojas  90'""]",[]
Brazil ,3–1, Czechoslovakia,17 June 1962,"Estadio Nacional, Santiago","[""Amarildo  17'Zito  69'Vavá  78'""]","[""Masopust  15'""]"
England ,0–0, Uruguay,11 July 1966,"Wembley Stadium, London",[],[]
France ,1–1, Mexico,13 July 1966,"Wembley Stadium, London","[""Hausser  62'""]","[""Borja  48'""]"
Uruguay ,2–1, France,15 July 1966,"White City Stadium, London","[""Rocha  26'Cortés  31'""]","[""De Bourgoing  15'(pen.)""]"
England ,2–0, Mexico,16 July 1966,"Wembley Stadium, London","[""B. Charlton  37'Hunt  75'""]",[]
Mexico ,0–0, Uruguay,19 July 1966,"Wembley Stadium, London",[],[]
England ,2–0, France,20 July 1966,"Wembley Stadium, London","[""Hunt  38', 75'""]",[]
West Germany ,5–0, Switzerland,12 July 1966,"Hillsborough Stadium, Sheffield","[""Held  16'Haller  21', 77'(pen.)Beckenbauer  40', 52'""]",[]
Argentina ,2–1, Spain,13 July 1966,"Villa Park, Birmingham","[""Artime  65', 79'""]","[""Pirri  71'""]"
Spain ,2–1, Switzerland,15 July 1966,"Hillsborough Stadium, Sheffield","[""Sanchís  57'Amancio  75'""]","[""Quentin  31'""]"
Argentina ,0–0, West Germany,16 July 1966,"Villa Park, Birmingham",[],[]
Argentina ,2–0, Switzerland,19 July 1966,"Hillsborough Stadium, Sheffield","[""Artime  52'Onega  79'""]",[]
West Germany ,2–1, Spain,20 July 1966,"Villa Park, Birmingham","[""Emmerich  39'Seeler  84'""]","[""Fusté  23'""]"
Brazil ,2–0, Bulgaria,12 July 1966,"Goodison Park, Liverpool","[""Pelé  15'Garrincha  63'""]",[]
Portugal ,3–1, Hungary,13 July 1966,"Old Trafford, Manchester","[""José Augusto  2', 67'Torres  90'""]","[""Bene  60'""]"
Hungary ,3–1, Brazil,15 July 1966,"Goodison Park, Liverpool","[""Bene  2'Farkas  64'Mészöly  73'(pen.)""]","[""Tostão  14'""]"
Portugal ,3–0, Bulgaria,16 July 1966,"Old Trafford, Manchester","[""Vutsov  7'(o.g.)Eusébio  38'Torres  81'""]",[]
Portugal ,3–1, Brazil,19 July 1966,"Goodison Park, Liverpool","[""Simões  15'Eusébio  27', 85'""]","[""Rildo  73'""]"
Hungary ,3–1, Bulgaria,20 July 1966,"Old Trafford, Manchester","[""Davidov  43'(o.g.)Mészöly  45'Bene  54'""]","[""Asparuhov  15'""]"
Soviet Union ,3–0, North Korea,12 July 1966,"Ayresome Park, Middlesbrough","[""Malofeyev  31', 88'Banishevskiy  33'""]",[]
Italy ,2–0, Chile,13 July 1966,"Roker Park, Sunderland","[""Mazzola  8'Barison  88'""]",[]
Chile ,1–1, North Korea,15 July 1966,"Ayresome Park, Middlesbrough","[""Marcos  26'(pen.)""]","[""Pak Seung-zin  88'""]"
Soviet Union ,1–0, Italy,16 July 1966,"Roker Park, Sunderland","[""Chislenko  57'""]",[]
North Korea ,1–0, Italy,19 July 1966,"Ayresome Park, Middlesbrough","[""Pak Doo-ik  42'""]",[]
Soviet Union ,2–1, Chile,20 July 1966,"Roker Park, Sunderland","[""Porkuyan  28', 85'""]","[""Marcos  32'""]"
England ,1–0, Argentina,23 July 1966,"Wembley Stadium, London","[""Hurst  78'""]",[]
West Germany ,4–0, Uruguay,23 July 1966,"Hillsborough Stadium, Sheffield","[""Haller  11', 83'Beckenbauer  70'Seeler  75'""]",[]
Soviet Union ,2–1, Hungary,23 July 1966,"Roker Park, Sunderland","[""Chislenko  5'Porkuyan  46'""]","[""Bene  57'""]"
Portugal ,5–3, North Korea,23 July 1966,"Goodison Park, Liverpool","[""Eusébio  27', 43'(pen.), 56', 59'(pen.)José Augusto  80'""]","[""Pak Seung-zin  1'Li Dong-woon  22'Yang Seung-kook  25'""]"
West Germany ,2–1, Soviet Union,25 July 1966,"Goodison Park, Liverpool","[""Haller  43'Beckenbauer  67'""]","[""Porkuyan  88'""]"
England ,2–1, Portugal,26 July 1966,"Wembley Stadium, London","[""B. Charlton  30', 80'""]","[""Eusébio  82'(pen.)""]"
Portugal ,2–1, Soviet Union,28 July 1966,"Wembley Stadium, London","[""Eusébio  12'(pen.)Torres  89'""]","[""Malofeyev  43'""]"
England ,4–2 (a.e.t.), West Germany,30 July 1966,"Wembley Stadium, London","[""Hurst  18', 101', 120'"", ""Peters  78'""]","[""Haller  12'"", ""Weber  89'""]"
Soviet Union ,0–1 (a.e.t.), Uruguay,14 June 1970,"Estadio Azteca, Mexico City",[],"[""Espárrago  117'""]"
Italy ,4–1, Mexico,14 June 1970,"Estadio Luis Dosal, Toluca","[""Guzmán  25'(o.g.)Riva  63', 76'Rivera  70'""]","[""González  13'""]"
Brazil ,4–2, Peru,14 June 1970,"Estadio Jalisco, Guadalajara","[""Rivellino  11'Tostão  15', 52'Jairzinho  75'""]","[""Gallardo  28'Cubillas  70'""]"
West Germany ,3–2 (a.e.t.), England,14 June 1970,"Estadio Nou Camp, León","[""Beckenbauer  68'Seeler  82'Müller  108'""]","[""Mullery  31'Peters  49'""]"
Uruguay ,1–3, Brazil,17 June 1970,"Estadio Jalisco, Guadalajara","[""Cubilla  19'""]","[""Clodoaldo  44'Jairzinho  76'Rivellino  89'""]"
Italy ,4–3 (a.e.t.), West Germany,17 June 1970,"Estadio Azteca, Mexico City","[""Boninsegna  8'Burgnich  98'Riva  104'Rivera  111'""]","[""Schnellinger  90'Müller  94', 110'""]"
Uruguay ,0–1, West Germany,20 June 1970,"Estadio Azteca, Mexico City",[],"[""Overath  26'""]"
Brazil ,4–1, Italy,21 June 1970,"Estadio Azteca, Mexico City","[""Pelé  18'Gérson  65'Jairzinho  71'Carlos Alberto  86'""]","[""Boninsegna  37'""]"
Brazil ,0–1, Poland,6 July 1974,"Olympiastadion, Munich",[],"[""Lato  76'""]"
Netherlands ,1–2, West Germany,7 July 1974,"Olympiastadion, Munich","[""Neeskens  2'(pen.)""]","[""Breitner  25'(pen.)Müller  43'""]"
Brazil ,2–1, Italy,24 June 1978,"Estadio Monumental, Buenos Aires","[""Nelinho  64'Dirceu  71'""]","[""Causio  38'""]"
Argentina ,3–1 (a.e.t.), Netherlands,25 June 1978,"Estadio Monumental, Buenos Aires","[""Kempes  38', 105'Bertoni  115'""]","[""Nanninga  82'""]"
Poland ,0–2, Italy,8 July 1982,"Camp Nou, Barcelona",[],"[""Rossi  22', 73'""]"
West Germany ,3–3 (a.e.t.), France,8 July 1982,"Ramón Sánchez Pizjuán Stadium, Seville","[""Littbarski  17'Rummenigge  102'Fischer  108'""]","[""Platini  26'(pen.)Trésor  92'Giresse  98'""]"
Poland ,3–2, France,10 July 1982,"Estadio José Rico Pérez, Alicante","[""Szarmach  40'Majewski  44'Kupcewicz  46'""]","[""Girard  13'Couriol  72'""]"
Italy ,3–1, West Germany,11 July 1982,"Santiago Bernabéu, Madrid","[""Rossi  57'Tardelli  69'Altobelli  81'""]","[""Breitner  83'""]"
Mexico ,2–0, Bulgaria,15 June 1986,"Estadio Azteca, Mexico City","[""Negrete  34'Servín  61'""]",[]
Soviet Union ,3–4 (a.e.t.), Belgium,15 June 1986,"Estadio Nou Camp, León","[""Belanov  27', 70', 111'(pen.)""]","[""Scifo  56'Ceulemans  77'Demol  102'Claesen  110'""]"
Brazil ,4–0, Poland,16 June 1986,"Estadio Jalisco, Guadalajara","[""Sócrates  30'(pen.)Josimar  55'Edinho  79'Careca  83'(pen.)""]",[]
Argentina ,1–0, Uruguay,16 June 1986,"Estadio Cuauhtémoc, Puebla","[""Pasculli  42'""]",[]
Italy ,0–2, France,17 June 1986,"Estadio Olímpico Universitario, Mexico City",[],"[""Platini  15'Stopyra  57'""]"
Morocco ,0–1, West Germany,17 June 1986,"Estadio Universitario, San Nicolás de los Garza",[],"[""Matthäus  88'""]"
England ,3–0, Paraguay,18 June 1986,"Estadio Azteca, Mexico City","[""Lineker  31', 73'Beardsley  56'""]",[]
Denmark ,1–5, Spain,18 June 1986,"Estadio La Corregidora, Querétaro","[""J. Olsen  33'(pen.)""]","[""Butragueño  43', 56', 80', 88'(pen.)Goikoetxea  68'(pen.)""]"
Brazil ,1–1 (a.e.t.), France,21 June 1986,"Estadio Jalisco, Guadalajara","[""Careca  17'""]","[""Platini  40'""]"
West Germany ,0–0 (a.e.t.), Mexico,21 June 1986,"Estadio Universitario, San Nicolás de los Garza",[],[]
Argentina ,2–1, England,22 June 1986,"Estadio Azteca, Mexico City","[""Maradona  51', 55'""]","[""Lineker  81'""]"
Spain ,1–1 (a.e.t.), Belgium,22 June 1986,"Estadio Cuauhtémoc, Puebla","[""Señor  85'""]","[""Ceulemans  35'""]"
France ,0–2, West Germany,25 June 1986,"Estadio Jalisco, Guadalajara",[],"[""Brehme  9'Völler  89'""]"
Argentina ,2–0, Belgium,25 June 1986,"Estadio Azteca, Mexico City","[""Maradona  51', 63'""]",[]
Belgium ,2–4 (a.e.t.), France,28 June 1986,"Estadio Cuauhtémoc, Puebla","[""Ceulemans  11'Claesen  73'""]","[""Ferreri  27'Papin  43'Genghini  104'Amoros  111'(pen.)""]"
Argentina ,3–2, West Germany,29 June 1986,"Estadio Azteca, Mexico City","[""Brown  23'Valdano  55'Burruchaga  83'""]","[""Rummenigge  74'Völler  80'""]"
Cameroon ,2–1 (a.e.t.), Colombia,23 June 1990,"Stadio San Paolo, Naples","[""Milla  106', 108'""]","[""Redín  115'""]"
Czechoslovakia ,4–1, Costa Rica,23 June 1990,"Stadio San Nicola, Bari","[""Skuhravý  12', 63', 82'Kubík  76'""]","[""González  55'""]"
Brazil ,0–1, Argentina,24 June 1990,"Stadio Delle Alpi, Turin",[],"[""Caniggia  81'""]"
West Germany ,2–1, Netherlands,24 June 1990,"San Siro, Milan","[""Klinsmann  51'Brehme  85'""]","[""R. Koeman  89'(pen.)""]"
Republic of Ireland ,0–0 (a.e.t.), Romania,25 June 1990,"Stadio Luigi Ferraris, Genoa",[],[]
Italy ,2–0, Uruguay,25 June 1990,"Stadio Olimpico, Rome","[""Schillaci  65'Serena  83'""]",[]
Spain ,1–2 (a.e.t.), Yugoslavia,26 June 1990,"Stadio Marc'Antonio Bentegodi, Verona","[""Julio Salinas  84'""]","[""Stojković  78', 93'""]"
England ,1–0 (a.e.t.), Belgium,26 June 1990,"Stadio Renato Dall'Ara, Bologna","[""Platt  119'""]",[]
Argentina ,0–0 (a.e.t.), Yugoslavia,30 June 1990,"Stadio Comunale, Florence",[],[]
Republic of Ireland ,0–1, Italy,30 June 1990,"Stadio Olimpico, Rome",[],"[""Schillaci  38'""]"
Czechoslovakia ,0–1, West Germany,1 July 1990,"San Siro, Milan",[],"[""Matthäus  25'(pen.)""]"
Cameroon ,2–3 (a.e.t.), England,1 July 1990,"Stadio San Paolo, Naples","[""Kundé  61'(pen.)Ekéké  65'""]","[""Platt  25'Lineker  83'(pen.), 105'(pen.)""]"
Argentina ,1–1 (a.e.t.), Italy,3 July 1990,"Stadio San Paolo, Naples","[""Caniggia  67'""]","[""Schillaci  17'""]"
West Germany ,1–1 (a.e.t.), England,4 July 1990,"Stadio delle Alpi, Turin","[""Brehme  60'""]","[""Lineker  80'""]"
Italy ,2–1, England,7 July 1990,"Stadio San Nicola, Bari","[""Baggio  71'Schillaci  86'(pen.)""]","[""Platt  81'""]"
West Germany ,1–0, Argentina,8 July 1990,"Stadio Olimpico, Rome","[""Brehme  85'(pen.)""]",[]
Germany ,3–2, Belgium,"July 2, 1994","Soldier Field, Chicago","[""Völler  6', 38'Klinsmann  11'""]","[""Grün  8'Albert  90'""]"
Spain ,3–0, Switzerland,"July 2, 1994","RFK Stadium, Washington","[""Hierro  15'Luis Enrique  74'Begiristain  86'(pen.)""]",[]
Saudi Arabia ,1–3, Sweden,"July 3, 1994","Cotton Bowl, Dallas","[""Al-Ghesheyan  85'""]","[""Dahlin  6'K. Andersson  51', 88'""]"
Romania ,3–2, Argentina,"July 3, 1994","Rose Bowl, Pasadena","[""Dumitrescu  11', 18'Hagi  58'""]","[""Batistuta  16'(pen.)Balbo  75'""]"
Netherlands ,2–0, Republic of Ireland,"July 4, 1994","Citrus Bowl, Orlando","[""Bergkamp  11'Jonk  41'""]",[]
Brazil ,1–0, United States,"July 4, 1994","Stanford Stadium, Stanford","[""Bebeto  72'""]",[]
Nigeria ,1–2 (a.e.t.), Italy,"July 5, 1994","Foxboro Stadium, Foxborough","[""Amunike  25'""]","[""R. Baggio  88', 102'(pen.)""]"
Mexico ,1–1 (a.e.t.), Bulgaria,"July 5, 1994","Giants Stadium, East Rutherford","[""García Aspe  18'(pen.)""]","[""Stoichkov  6'""]"
Italy ,2–1, Spain,"July 9, 1994","Foxboro Stadium, Foxborough","[""D. Baggio  25'R. Baggio  88'""]","[""Caminero  58'""]"
Netherlands ,2–3, Brazil,"July 9, 1994","Cotton Bowl, Dallas","[""Bergkamp  64'Winter  76'""]","[""Romário  53'Bebeto  63'Branco  81'""]"
Bulgaria ,2–1, Germany,"July 10, 1994","Giants Stadium, East Rutherford","[""Stoichkov  75'Letchkov  78'""]","[""Matthäus  47'(pen.)""]"
Romania ,2–2 (a.e.t.), Sweden,"July 10, 1994","Stanford Stadium, Stanford","[""Rǎducioiu  88', 101'""]","[""Brolin  78'K. Andersson  115'""]"
Bulgaria ,1–2, Italy,"July 13, 1994","Giants Stadium, East Rutherford","[""Stoichkov  44'(pen.)""]","[""R. Baggio  21', 25'""]"
Sweden ,0–1, Brazil,"July 13, 1994","Rose Bowl, Pasadena",[],"[""Romário  80'""]"
Sweden ,4–0, Bulgaria,"July 16, 1994","Rose Bowl, Pasadena","[""Brolin  8'Mild  30'Larsson  37'K. Andersson  39'""]",[]
Brazil ,0–0 (a.e.t.), Italy,"July 17, 1994","Rose Bowl, Pasadena",[],[]
Italy ,1–0, Norway,27 June 1998,"Stade Vélodrome, Marseille","[""Vieri  18'""]",[]
Brazil ,4–1, Chile,27 June 1998,"Parc des Princes, Paris","[""César Sampaio  11', 26'Ronaldo  45+3'(pen.), 72'""]","[""Salas  70'""]"
France ,1–0 (a.e.t.), Paraguay,28 June 1998,"Stade Félix-Bollaert, Lens","[""Blanc 114' ""]",[]
Nigeria ,1–4, Denmark,28 June 1998,"Stade de France, Saint-Denis","[""Babangida  77'""]","[""Møller  3'B. Laudrup  12'Sand  58'Helveg  76'""]"
Germany ,2–1, Mexico,29 June 1998,"Stade de la Mosson, Montpellier","[""Klinsmann  74'Bierhoff  86'""]","[""Hernández  47'""]"
Netherlands ,2–1, FR Yugoslavia,29 June 1998,"Stade de Toulouse, Toulouse","[""Bergkamp  38'Davids  90+2'""]","[""Komljenović  48'""]"
Romania ,0–1, Croatia,30 June 1998,"Parc Lescure, Bordeaux",[],"[""Šuker  45+2'(pen.)""]"
Argentina ,2–2 (a.e.t.), England,30 June 1998,"Stade Geoffroy-Guichard, Saint-Étienne","[""Batistuta  5'(pen.)Zanetti  45+1'""]","[""Shearer  9'(pen.)Owen  16'""]"
Italy ,0–0 (a.e.t.), France,3 July 1998,"Stade de France, Saint-Denis",[],[]
Brazil ,3–2, Denmark,3 July 1998,"Stade de la Beaujoire, Nantes","[""Bebeto  10'Rivaldo  25', 59'""]","[""M. Jørgensen  2'B. Laudrup  50'""]"
Netherlands ,2–1, Argentina,4 July 1998,"Stade Vélodrome, Marseille","[""Kluivert  12'Bergkamp  90'""]","[""López  17'""]"
Germany ,0–3, Croatia,4 July 1998,"Stade de Gerland, Lyon",[],"[""Jarni  45+3'Vlaović  80'Šuker  85'""]"
Brazil ,1–1 (a.e.t.), Netherlands,7 July 1998,"Stade Vélodrome, Marseille","[""Ronaldo  46'""]","[""Kluivert  87'""]"
France ,2–1, Croatia,8 July 1998,"Stade de France, Saint-Denis","[""Thuram  47', 70'""]","[""Šuker  46'""]"
Netherlands ,1–2, Croatia,11 July 1998,"Parc des Princes, Paris","[""Zenden  22'""]","[""Prosinečki  14'Šuker  36'""]"
Brazil ,0–3, France,12 July 1998,"Stade de France, Saint-Denis",[],"[""Zidane  27', 45+1'Petit  90+3'""]"
France ,0–1, Senegal,31 May 2002,"Seoul World Cup Stadium, Seoul",[],"[""Bouba Diop  30'""]"
Uruguay ,1–2, Denmark,1 June 2002,"Munsu Cup Stadium, Ulsan","[""Rodríguez  47'""]","[""Tomasson  45', 83'""]"
Denmark ,1–1, Senegal,6 June 2002,"Daegu World Cup Stadium, Daegu","[""Tomasson  16'(pen.)""]","[""Diao  52'""]"
France ,0–0, Uruguay,6 June 2002,"Busan Asiad Main Stadium, Busan",[],[]
Denmark ,2–0, France,11 June 2002,"Incheon Munhak Stadium, Incheon","[""Rommedahl  22'Tomasson  67'""]",[]
Senegal ,3–3, Uruguay,11 June 2002,"Suwon World Cup Stadium, Suwon","[""Fadiga  20'(pen.)Bouba Diop  26', 38'""]","[""Morales  46'Forlán  69'Recoba  88'(pen.)""]"
Paraguay ,2–2, South Africa,2 June 2002,"Busan Asiad Main Stadium, Busan","[""Santa Cruz  39'Arce  55'""]","[""T. Mokoena  63'Fortune  90+1'(pen.)""]"
Spain ,3–1, Slovenia,2 June 2002,"Gwangju World Cup Stadium, Gwangju","[""Raúl  44'Valerón  74'Hierro  87'(pen.)""]","[""Cimirotič  82'""]"
Spain ,3–1, Paraguay,7 June 2002,"Jeonju World Cup Stadium, Jeonju","[""Morientes  53', 69'Hierro  83'(pen.)""]","[""Puyol  10'(o.g.)""]"
South Africa ,1–0, Slovenia,8 June 2002,"Daegu World Cup Stadium, Daegu","[""Nomvethe  4'""]",[]
South Africa ,2–3, Spain,12 June 2002,"Daejeon World Cup Stadium, Daejeon","[""McCarthy  31'Radebe  53'""]","[""Raúl  4', 56'Mendieta  45+1'""]"
Slovenia ,1–3, Paraguay,12 June 2002,"Jeju World Cup Stadium, Seogwipo","[""Ačimovič  45+1'""]","[""Cuevas  65', 84'Campos  73'""]"
Brazil ,2–1, Turkey,3 June 2002,"Munsu Football Stadium, Ulsan","[""Ronaldo  50'Rivaldo  87'(pen.)""]","[""Hasan Şaş  45+2'""]"
China ,0–2, Costa Rica,4 June 2002,"Gwangju World Cup Stadium, Gwangju",[],"[""Gómez  61'Wright  65'""]"
Brazil ,4–0, China,8 June 2002,"Jeju World Cup Stadium, Seogwipo","[""Roberto Carlos  15'Rivaldo  32'Ronaldinho  45'(pen.)Ronaldo  55'""]",[]
Costa Rica ,1–1, Turkey,9 June 2002,"Incheon Munhak Stadium, Incheon","[""Parks  86'""]","[""Emre B.  56'""]"
Costa Rica ,2–5, Brazil,13 June 2002,"Suwon World Cup Stadium, Suwon","[""Wanchope  39'Gómez  56'""]","[""Ronaldo  10', 13'Edmílson  38'Rivaldo  62'Júnior  64'""]"
Turkey ,3–0, China,13 June 2002,"Seoul World Cup Stadium, Seoul","[""Hasan Şaş  6'Bülent  9'Davala  85'""]",[]
South Korea ,2–0, Poland,4 June 2002,"Busan Asiad Main Stadium, Busan","[""Hwang Sun-hong  26'Yoo Sang-chul  53'""]",[]
United States ,3–2, Portugal,5 June 2002,"Suwon World Cup Stadium, Suwon","[""O'Brien  4'J. Costa  29'(o.g.)McBride  36'""]","[""Beto  39'Agoos  71'(o.g.)""]"
South Korea ,1–1, United States,10 June 2002,"Daegu World Cup Stadium, Daegu","[""Ahn Jung-hwan  78'""]","[""Mathis  24'""]"
Portugal ,4–0, Poland,10 June 2002,"Jeonju World Cup Stadium, Jeonju","[""Pauleta  14', 65', 77'Rui Costa  88'""]",[]
Portugal ,0–1, South Korea,14 June 2002,"Incheon Munhak Stadium, Incheon",[],"[""Park Ji-sung  70'""]"
Poland ,3–1, United States,14 June 2002,"Daejeon World Cup Stadium, Daejeon","[""Olisadebe  3'Kryszałowicz  5'Żewłakow  66'""]","[""Donovan  83'""]"
Republic of Ireland ,1–1, Cameroon,1 June 2002,"Niigata Stadium, Niigata","[""Holland  52'""]","[""M'Boma  39'""]"
Germany ,8–0, Saudi Arabia,1 June 2002,"Sapporo Dome, Sapporo","[""Klose  20', 25', 70'Ballack  40'Jancker  45+1'Linke  73'Bierhoff  84'Schneider  90+1'""]",[]
Germany ,1–1, Republic of Ireland,5 June 2002,"Kashima Soccer Stadium, Ibaraki","[""Klose  19'""]","[""Robbie Keane  90+2'""]"
Cameroon ,1–0, Saudi Arabia,6 June 2002,"Saitama Stadium, Saitama","[""Eto'o  66'""]",[]
Cameroon ,0–2, Germany,11 June 2002,"Ecopa Stadium, Shizuoka",[],"[""Bode  50'Klose  79'""]"
Saudi Arabia ,0–3, Republic of Ireland,11 June 2002,"International Stadium Yokohama, Yokohama",[],"[""Robbie Keane  7'Breen  61'Duff  87'""]"
Argentina ,1–0, Nigeria,2 June 2002,"Kashima Soccer Stadium, Ibaraki","[""Batistuta  63'""]",[]
England ,1–1, Sweden,2 June 2002,"Saitama Stadium, Saitama","[""Campbell  24'""]","[""Alexandersson  59'""]"
Sweden ,2–1, Nigeria,7 June 2002,"Wing Stadium, Kobe","[""Larsson  35', 63'(pen.)""]","[""Aghahowa  27'""]"
Argentina ,0–1, England,7 June 2002,"Sapporo Dome, Sapporo",[],"[""Beckham  44'(pen.)""]"
Sweden ,1–1, Argentina,12 June 2002,"Miyagi Stadium, Miyagi","[""A. Svensson  59'""]","[""Crespo  88'""]"
Nigeria ,0–0, England,12 June 2002,"Nagai Stadium, Osaka",[],[]
Croatia ,0–1, Mexico,3 June 2002,"Niigata Big Swan Stadium, Niigata",[],"[""Blanco  60'(pen.)""]"
Italy ,2–0, Ecuador,3 June 2002,"Sapporo Dome, Sapporo","[""Vieri  7', 27'""]",[]
Italy ,1–2, Croatia,8 June 2002,"Kashima Soccer Stadium, Ibaraki","[""Vieri  55'""]","[""Olić  73'Rapaić  76'""]"
Mexico ,2–1, Ecuador,9 June 2002,"Miyagi Stadium, Miyagi","[""Borgetti  28'Torrado  57'""]","[""Delgado  5'""]"
Mexico ,1–1, Italy,13 June 2002,"Ōita Big Eye Stadium, Ōita","[""Borgetti  34'""]","[""Del Piero  85'""]"
Ecuador ,1–0, Croatia,13 June 2002,"International Stadium Yokohama, Yokohama","[""Méndez  48'""]",[]
Japan ,2–2, Belgium,4 June 2002,"Saitama Stadium, Saitama","[""Suzuki  59'Inamoto  67'""]","[""Wilmots  57'Van Der Heyden  75'""]"
Russia ,2–0, Tunisia,5 June 2002,"Kobe Wing Stadium, Kobe","[""Titov  59'Karpin  64'(pen.)""]",[]
Japan ,1–0, Russia,9 June 2002,"International Stadium Yokohama, Yokohama","[""Inamoto  51'""]",[]
Tunisia ,1–1, Belgium,10 June 2002,"Ōita Big Eye Stadium, Ōita","[""Bouzaiene  17'""]","[""Wilmots  13'""]"
Tunisia ,0–2, Japan,14 June 2002,"Nagai Stadium, Osaka",[],"[""Morishima  48'H. Nakata  75'""]"
Belgium ,3–2, Russia,14 June 2002,"Shizuoka Ecopa Stadium, Fukuroi, Shizuoka","[""Walem  7'Sonck  78'Wilmots  82'""]","[""Beschastnykh  52'Sychev  88'""]"
Germany ,1–0, Paraguay,15 June 2002,"Jeju World Cup Stadium, Seogwipo","[""Neuville  88'""]",[]
Denmark ,0–3, England,15 June 2002,"Big Swan Stadium, Niigata",[],"[""Ferdinand  5'Owen  22'Heskey  44'""]"
Sweden ,1–2 (a.e.t.), Senegal,16 June 2002,"Big Eye Stadium, Ōita","[""Larsson  11'""]","[""Camara  37', 104' ""]"
Spain ,1–1 (a.e.t.), Republic of Ireland,16 June 2002,"Suwon World Cup Stadium, Suwon","[""Morientes  8'""]","[""Robbie Keane  90'(pen.)""]"
Mexico ,0–2, United States,17 June 2002,"Jeonju World Cup Stadium, Jeonju",[],"[""McBride  8'Donovan  65'""]"
Brazil ,2–0, Belgium,17 June 2002,"Kobe Wing Stadium, Kobe","[""Rivaldo  67'Ronaldo  87'""]",[]
Japan ,0–1, Turkey,18 June 2002,"Miyagi Stadium, Rifu",[],"[""Ümit Davala  12'""]"
South Korea ,2–1 (a.e.t.), Italy,18 June 2002,"Daejeon World Cup Stadium, Daejeon","[""Seol Ki-Hyeon  88'Ahn Jung-Hwan 117' ""]","[""Vieri  18'""]"
England ,1–2, Brazil,21 June 2002,"Stadium Ecopa, Shizuoka","[""Owen  23'""]","[""Rivaldo  45+2'Ronaldinho  50'""]"
Germany ,1–0, United States,21 June 2002,"Munsu Cup Stadium, Ulsan","[""Ballack  39'""]",[]
Spain ,0–0 (a.e.t.), South Korea,22 June 2002,"Gwangju World Cup Stadium, Gwangju",[],[]
Senegal ,0–1 (a.e.t.), Turkey,22 June 2002,"Nagai Stadium, Osaka",[],"[""İlhan 94' ""]"
Germany ,1–0, South Korea,25 June 2002,"Seoul World Cup Stadium, Seoul","[""Ballack  75'""]",[]
Brazil ,1–0, Turkey,26 June 2002,"Saitama Stadium, Saitama","[""Ronaldo  49'""]",[]
South Korea ,2–3, Turkey,29 June 2002,"Daegu World Cup Stadium, Daegu","[""Lee Eul-yong  9'Song Chong-gug  90+3'""]","[""Şükür  1'İlhan  13', 32'""]"
Germany ,0–2, Brazil,30 June 2002,"International Stadium Yokohama, Yokohama",[],"[""Ronaldo  67', 79'""]"
Germany ,2–0, Sweden,24 June 2006,"FIFA World Cup Stadium, Munich","[""Podolski  4', 12'""]",[]
Argentina ,2–1 (a.e.t.), Mexico,24 June 2006,"Zentralstadion, Leipzig","[""Crespo  10'"", ""Rodríguez  98'""]","[""Márquez  6'""]"
England ,1–0, Ecuador,25 June 2006,"Gottlieb-Daimler-Stadion, Stuttgart","[""Beckham  60'""]",[]
Portugal ,1–0, Netherlands,25 June 2006,"Frankenstadion, Nuremberg","[""Maniche  23'""]",[]
Italy ,1–0, Australia,26 June 2006,"Fritz-Walter-Stadion, Kaiserslautern","[""Totti  90+5'(pen.)""]",[]
Switzerland ,0–0 (a.e.t.), Ukraine,26 June 2006,"RheinEnergieStadion, Cologne",[],[]
Brazil ,3–0, Ghana,27 June 2006,"Westfalenstadion, Dortmund","[""Ronaldo  5'"", ""Adriano  45+1'"", ""Zé Roberto  84'""]",[]
Spain ,1–3, France,27 June 2006,"Niedersachsenstadion, Hanover","[""Villa  28'(pen.)""]","[""Ribéry  41'"", ""Vieira  83'"", ""Zidane  90+2'""]"
Germany ,1–1 (a.e.t.), Argentina,30 June 2006,"Olympiastadion, Berlin","[""Klose  80'""]","[""Ayala  49'""]"
Italy ,3–0, Ukraine,30 June 2006,"Volksparkstadion, Hamburg","[""Zambrotta  6'"", ""Toni  59', 69'""]",[]
England ,0–0 (a.e.t.), Portugal,1 July 2006,"Arena AufSchalke, Gelsenkirchen",[],[]
Brazil ,0–1, France,1 July 2006,"Waldstadion, Frankfurt",[],"[""Henry  57'""]"
Germany ,0–2 (a.e.t.), Italy,4 July 2006,"Westfalenstadion, Dortmund",[],"[""Grosso  119'"", ""Del Piero  120+1'""]"
Portugal ,0–1, France,5 July 2006,"Allianz Arena, Munich",[],"[""Zidane  33'(pen.)""]"
Germany ,3–1, Portugal,8 July 2006,"Gottlieb-Daimler-Stadion, Stuttgart","[""Schweinsteiger  56', 78'"", ""Petit  60'(o.g.)""]","[""Nuno Gomes  88'""]"
Italy ,1–1 (a.e.t.), France,9 July 2006,"Olympiastadion, Berlin","[""Materazzi  19'""]","[""Zidane  7'(pen.)""]"
South Africa ,1–1, Mexico,11 June 2010,"Soccer City, Johannesburg","[""Tshabalala  55'""]","[""Márquez  79'""]"
Uruguay ,0–0, France,11 June 2010,"Cape Town Stadium, Cape Town",[],[]
South Africa ,0–3, Uruguay,16 June 2010,"Loftus Versfeld Stadium, Pretoria",[],"[""Forlán  24', 80'(pen.)"", ""Á. Pereira  90+5'""]"
France ,0–2, Mexico,17 June 2010,"Peter Mokaba Stadium, Polokwane",[],"[""Hernández  64'"", ""Blanco  79'(pen.)""]"
Mexico ,0–1, Uruguay,22 June 2010,"Royal Bafokeng Stadium, Rustenburg",[],"[""Suárez  43'""]"
France ,1–2, South Africa,22 June 2010,"Free State Stadium, Bloemfontein","[""Malouda  70'""]","[""Khumalo  20'"", ""Mphela  37'""]"
South Korea ,2–0, Greece,12 June 2010,"Nelson Mandela Bay Stadium, Port Elizabeth","[""Lee Jung-soo  7'"", ""Park Ji-sung  52'""]",[]
Argentina ,1–0, Nigeria,12 June 2010,"Ellis Park Stadium, Johannesburg","[""Heinze  6'""]",[]
Argentina ,4–1, South Korea,17 June 2010,"Soccer City, Johannesburg","[""Park Chu-young  17'(o.g.)"", ""Higuaín  33', 76', 80'""]","[""Lee Chung-yong  45+1'""]"
Greece ,2–1, Nigeria,17 June 2010,"Free State Stadium, Bloemfontein","[""Salpingidis  44'"", ""Torosidis  71'""]","[""Uche  16'""]"
Nigeria ,2–2, South Korea,22 June 2010,"Moses Mabhida Stadium, Durban","[""Uche  12'"", ""Yakubu  69'(pen.)""]","[""Lee Jung-soo  38'"", ""Park Chu-young  49'""]"
Greece ,0–2, Argentina,22 June 2010,"Peter Mokaba Stadium, Polokwane",[],"[""Demichelis  77'"", ""Palermo  89'""]"
England ,1–1, United States,12 June 2010,"Royal Bafokeng Stadium, Rustenburg","[""Gerrard  4'""]","[""Dempsey  40'""]"
Algeria ,0–1, Slovenia,13 June 2010,"Peter Mokaba Stadium, Polokwane",[],"[""Koren  79'""]"
Slovenia ,2–2, United States,18 June 2010,"Ellis Park Stadium, Johannesburg","[""Birsa  13'"", ""Ljubijankić  42'""]","[""Donovan  48'"", ""Bradley  82'""]"
England ,0–0, Algeria,18 June 2010,"Cape Town Stadium, Cape Town",[],[]
Slovenia ,0–1, England,23 June 2010,"Nelson Mandela Bay Stadium, Port Elizabeth",[],"[""Defoe  23'""]"
United States ,1–0, Algeria,23 June 2010,"Loftus Versfeld Stadium, Pretoria","[""Donovan  90+1'""]",[]
Serbia ,0–1, Ghana,13 June 2010,"Loftus Versfeld Stadium, Pretoria",[],"[""Gyan  85'(pen.)""]"
Germany ,4–0, Australia,13 June 2010,"Moses Mabhida Stadium, Durban","[""Podolski  8'"", ""Klose  26'"", ""Müller  68'"", ""Cacau  70'""]",[]
Germany ,0–1, Serbia,18 June 2010,"Nelson Mandela Bay Stadium, Port Elizabeth",[],"[""Jovanović  38'""]"
Ghana ,1–1, Australia,19 June 2010,"Royal Bafokeng Stadium, Rustenburg","[""Gyan  25'(pen.)""]","[""Holman  11'""]"
Ghana ,0–1, Germany,23 June 2010,"Soccer City, Johannesburg",[],"[""Özil  60'""]"
Australia ,2–1, Serbia,23 June 2010,"Mbombela Stadium, Nelspruit","[""Cahill  69'"", ""Holman  73'""]","[""Pantelić  84'""]"
Netherlands ,2–0, Denmark,14 June 2010,"Soccer City, Johannesburg","[""Agger  46'(o.g.)"", ""Kuyt  85'""]",[]
Japan ,1–0, Cameroon,14 June 2010,"Free State Stadium, Bloemfontein","[""Honda  39'""]",[]
Netherlands ,1–0, Japan,19 June 2010,"Moses Mabhida Stadium, Durban","[""Sneijder  53'""]",[]
Cameroon ,1–2, Denmark,19 June 2010,"Loftus Versfeld Stadium, Pretoria","[""Eto'o  10'""]","[""Bendtner  33'"", ""Rommedahl  61'""]"
Denmark ,1–3, Japan,24 June 2010,"Royal Bafokeng Stadium, Rustenburg","[""Tomasson  81'""]","[""Honda  17'"", ""Endō  30'"", ""Okazaki  87'""]"
Cameroon ,1–2, Netherlands,24 June 2010,"Cape Town Stadium, Cape Town","[""Eto'o  65'(pen.)""]","[""Van Persie  36'"", ""Huntelaar  83'""]"
Italy ,1–1, Paraguay,14 June 2010,"Cape Town Stadium, Cape Town","[""De Rossi  63'""]","[""Alcaraz  39'""]"
New Zealand ,1–1, Slovakia,15 June 2010,"Royal Bafokeng Stadium, Rustenburg","[""Reid  90+3'""]","[""Vittek  50'""]"
Slovakia ,0–2, Paraguay,20 June 2010,"Free State Stadium, Bloemfontein",[],"[""Vera  27'"", ""Riveros  86'""]"
Italy ,1–1, New Zealand,20 June 2010,"Mbombela Stadium, Nelspruit","[""Iaquinta  29'(pen.)""]","[""Smeltz  7'""]"
Slovakia ,3–2, Italy,24 June 2010,"Ellis Park Stadium, Johannesburg","[""Vittek  25', 73'"", ""Kopúnek  89'""]","[""Di Natale  81'"", ""Quagliarella  90+2'""]"
Paraguay ,0–0, New Zealand,24 June 2010,"Peter Mokaba Stadium, Polokwane",[],[]
Ivory Coast ,0–0, Portugal,15 June 2010,"Nelson Mandela Bay Stadium, Port Elizabeth",[],[]
Brazil ,2–1, North Korea,15 June 2010,"Ellis Park Stadium, Johannesburg","[""Maicon  55'"", ""Elano  72'""]","[""Ji Yun-nam  89'""]"
Brazil ,3–1, Ivory Coast,20 June 2010,"Soccer City, Johannesburg","[""Luís Fabiano  25', 50'"", ""Elano  62'""]","[""Drogba  79'""]"
Portugal ,7–0, North Korea,21 June 2010,"Cape Town Stadium, Cape Town","[""Meireles  29'"", ""Simão  53'"", ""Almeida  56'"", ""Tiago  60', 89'"", ""Liédson  81'"", ""Ronaldo  87'""]",[]
Portugal ,0–0, Brazil,25 June 2010,"Moses Mabhida Stadium, Durban",[],[]
North Korea ,0–3, Ivory Coast,25 June 2010,"Mbombela Stadium, Nelspruit",[],"[""Y. Touré  14'"", ""Romaric  20'"", ""Kalou  82'""]"
Honduras ,0–1, Chile,16 June 2010,"Mbombela Stadium, Nelspruit",[],"[""Beausejour  34'""]"
Spain ,0–1, Switzerland,16 June 2010,"Moses Mabhida Stadium, Durban",[],"[""Fernandes  52'""]"
Chile ,1–0, Switzerland,21 June 2010,"Nelson Mandela Bay Stadium, Port Elizabeth","[""González  75'""]",[]
Spain ,2–0, Honduras,21 June 2010,"Ellis Park Stadium, Johannesburg","[""Villa  17', 51'""]",[]
Chile ,1–2, Spain,25 June 2010,"Loftus Versfeld Stadium, Pretoria","[""Millar  47'""]","[""Villa  24'"", ""Iniesta  37'""]"
Switzerland ,0–0, Honduras,25 June 2010,"Free State Stadium, Bloemfontein",[],[]
Uruguay ,2–1, South Korea,26 June 2010,"Nelson Mandela Bay Stadium, Port Elizabeth","[""Suárez  8', 80'""]","[""Lee Chung-yong  68'""]"
United States ,1–2 (a.e.t.), Ghana,26 June 2010,"Royal Bafokeng Stadium, Rustenburg","[""Donovan  62'(pen.)""]","[""Boateng  5'"", ""Gyan  93'""]"
Germany ,4–1, England,27 June 2010,"Free State Stadium, Bloemfontein","[""Klose  20'"", ""Podolski  32'"", ""Müller  67', 70'""]","[""Upson  37'""]"
Argentina ,3–1, Mexico,27 June 2010,"Soccer City, Johannesburg","[""Tevez  26', 52'"", ""Higuaín  33'""]","[""Hernández  71'""]"
Netherlands ,2–1, Slovakia,28 June 2010,"Moses Mabhida Stadium, Durban","[""Robben  18'"", ""Sneijder  84'""]","[""Vittek  90+4'(pen.)""]"
Brazil ,3–0, Chile,28 June 2010,"Ellis Park Stadium, Johannesburg","[""Juan  34'"", ""Luís Fabiano  38'"", ""Robinho  59'""]",[]
Paraguay ,0–0 (a.e.t.), Japan,29 June 2010,"Loftus Versfeld Stadium, Pretoria",[],[]
Spain ,1–0, Portugal,29 June 2010,"Cape Town Stadium, Cape Town","[""Villa  63'""]",[]
Netherlands ,2–1, Brazil,2 July 2010,"Nelson Mandela Bay Stadium, Port Elizabeth","[""Sneijder  53', 68'""]","[""Robinho  10'""]"
Uruguay ,1–1 (a.e.t.), Ghana,2 July 2010,"Soccer City, Johannesburg","[""Forlán  55'""]","[""Muntari  45+2'""]"
Argentina ,0–4, Germany,3 July 2010,"Cape Town Stadium, Cape Town",[],"[""Müller  3'"", ""Klose  68', 89'"", ""Friedrich  74'""]"
Paraguay ,0–1, Spain,3 July 2010,"Ellis Park Stadium, Johannesburg",[],"[""Villa  83'""]"
Uruguay ,2–3, Netherlands,6 July 2010,"Cape Town Stadium, Cape Town","[""Forlán  41'"", ""M. Pereira  90+2'""]","[""Van Bronckhorst  18'"", ""Sneijder  70'"", ""Robben  73'""]"
Germany ,0–1, Spain,7 July 2010,"Moses Mabhida Stadium, Durban",[],"[""Puyol  73'""]"
Uruguay ,2–3, Germany,10 July 2010,"Nelson Mandela Bay Stadium, Port Elizabeth","[""Cavani  28'"", ""Forlán  51'""]","[""Müller  19'"", ""Jansen  56'"", ""Khedira  82'""]"
Netherlands ,0–1 (a.e.t.), Spain,11 July 2010,"Soccer City, Johannesburg",[],"[""Iniesta  116'""]"
Brazil ,3–1, Croatia,12 June 2014,"Arena de São Paulo, São Paulo","[""Neymar  29', 71'(pen.)"", ""Oscar  90+1'""]","[""Marcelo  12'(o.g.)""]"
Mexico ,1–0, Cameroon,13 June 2014,"Arena das Dunas, Natal","[""Peralta  61'""]",[]
Brazil ,0–0, Mexico,17 June 2014,"Estádio Castelão, Fortaleza",[],[]
Cameroon ,0–4, Croatia,18 June 2014,"Arena da Amazônia, Manaus",[],"[""Olić  11'"", ""Perišić  48'"", ""Mandžukić  61', 73'""]"
Cameroon ,1–4, Brazil,23 June 2014,"Estádio Nacional Mané Garrincha, Brasília","[""Matip  26'""]","[""Neymar  17', 35'"", ""Fred  49'"", ""Fernandinho  84'""]"
Croatia ,1–3, Mexico,23 June 2014,"Itaipava Arena Pernambuco, Recife","[""Perišić  87'""]","[""Márquez  72'"", ""Guardado  75'"", ""Hernández  82'""]"
Spain ,1–5, Netherlands,13 June 2014,"Itaipava Arena Fonte Nova, Salvador","[""Alonso  27'(pen.)""]","[""Van Persie  44', 72'"", ""Robben  53', 80'"", ""De Vrij  64'""]"
Chile ,3–1, Australia,13 June 2014,"Arena Pantanal, Cuiabá","[""Sánchez  12'"", ""Valdivia  14'"", ""Beausejour  90+2'""]","[""Cahill  35'""]"
Australia ,2–3, Netherlands,18 June 2014,"Estádio Beira-Rio, Porto Alegre","[""Cahill  21'"", ""Jedinak  54'(pen.)""]","[""Robben  20'"", ""Van Persie  58'"", ""Depay  68'""]"
Spain ,0–2, Chile,18 June 2014,"Estádio do Maracanã, Rio de Janeiro",[],"[""Vargas  20'"", ""Aránguiz  43'""]"
Australia ,0–3, Spain,23 June 2014,"Arena da Baixada, Curitiba",[],"[""Villa  36'"", ""Torres  69'"", ""Mata  82'""]"
Netherlands ,2–0, Chile,23 June 2014,"Arena de São Paulo, São Paulo","[""Fer  77'"", ""Depay  90+2'""]",[]
Colombia ,3–0, Greece,14 June 2014,"Estádio Mineirão, Belo Horizonte","[""Armero  5'"", ""Gutiérrez  58'"", ""Rodríguez  90+3'""]",[]
Ivory Coast ,2–1, Japan,14 June 2014,"Itaipava Arena Pernambuco, Recife","[""Bony  64'"", ""Gervinho  66'""]","[""Honda  16'""]"
Colombia ,2–1, Ivory Coast,19 June 2014,"Estádio Nacional Mané Garrincha, Brasília","[""Rodríguez  64'"", ""Quintero  70'""]","[""Gervinho  73'""]"
Japan ,0–0, Greece,19 June 2014,"Arena das Dunas, Natal",[],[]
Japan ,1–4, Colombia,24 June 2014,"Arena Pantanal, Cuiabá","[""Okazaki  45+1'""]","[""Cuadrado  17'(pen.)"", ""Martínez  55', 82'"", ""Rodríguez  90'""]"
Greece ,2–1, Ivory Coast,24 June 2014,"Estádio Castelão, Fortaleza","[""Samaris  42'"", ""Samaras  90+3'(pen.)""]","[""Bony  74'""]"
Uruguay ,1–3, Costa Rica,14 June 2014,"Estádio Castelão, Fortaleza","[""Cavani  24'(pen.)""]","[""Campbell  54'"", ""Duarte  57'"", ""Ureña  84'""]"
England ,1–2, Italy,14 June 2014,"Arena da Amazônia, Manaus","[""Sturridge  37'""]","[""Marchisio  35'"", ""Balotelli  50'""]"
Uruguay ,2–1, England,19 June 2014,"Arena de São Paulo, São Paulo","[""Suárez  39', 85'""]","[""Rooney  75'""]"
Italy ,0–1, Costa Rica,20 June 2014,"Itaipava Arena Pernambuco, Recife",[],"[""Ruiz  44'""]"
Italy ,0–1, Uruguay,24 June 2014,"Arena das Dunas, Natal",[],"[""Godín  81'""]"
Costa Rica ,0–0, England,24 June 2014,"Estádio Mineirão, Belo Horizonte",[],[]
Switzerland ,2–1, Ecuador,15 June 2014,"Estádio Nacional Mané Garrincha, Brasília","[""Mehmedi  48'"", ""Seferovic  90+3'""]","[""E. Valencia  22'""]"
France ,3–0, Honduras,15 June 2014,"Estádio Beira-Rio, Porto Alegre","[""Benzema  45'(pen.), 72'"", ""Valladares  48'(o.g.)""]",[]
Switzerland ,2–5, France,20 June 2014,"Itaipava Arena Fonte Nova, Salvador","[""Džemaili  81'"", ""Xhaka  87'""]","[""Giroud  17'"", ""Matuidi  18'"", ""Valbuena  40'"", ""Benzema  67'"", ""Sissoko  73'""]"
Honduras ,1–2, Ecuador,20 June 2014,"Arena da Baixada, Curitiba","[""Costly  31'""]","[""E. Valencia  34', 65'""]"
Honduras ,0–3, Switzerland,25 June 2014,"Arena da Amazônia, Manaus",[],"[""Shaqiri  6', 31', 71'""]"
Ecuador ,0–0, France,25 June 2014,"Estádio do Maracanã, Rio de Janeiro",[],[]
Argentina ,2–1, Bosnia and Herzegovina,15 June 2014,"Estádio do Maracanã, Rio de Janeiro","[""Kolašinac  3'(o.g.)"", ""Messi  65'""]","[""Ibišević  85'""]"
Iran ,0–0, Nigeria,16 June 2014,"Arena da Baixada, Curitiba",[],[]
Argentina ,1–0, Iran,21 June 2014,"Estádio Mineirão, Belo Horizonte","[""Messi  90+1'""]",[]
Nigeria ,1–0, Bosnia and Herzegovina,21 June 2014,"Arena Pantanal, Cuiabá","[""Odemwingie  29'""]",[]
Nigeria ,2–3, Argentina,25 June 2014,"Estádio Beira-Rio, Porto Alegre","[""Musa  4', 47'""]","[""Messi  3', 45+1'"", ""Rojo  50'""]"
Bosnia and Herzegovina ,3–1, Iran,25 June 2014,"Itaipava Arena Fonte Nova, Salvador","[""Džeko  23'"", ""Pjanić  59'"", ""Vršajević  83'""]","[""Ghoochannejhad  82'""]"
Germany ,4–0, Portugal,16 June 2014,"Itaipava Arena Fonte Nova, Salvador","[""Müller  12'(pen.), 45+1', 78'"", ""Hummels  32'""]",[]
Ghana ,1–2, United States,16 June 2014,"Arena das Dunas, Natal","[""A. Ayew  82'""]","[""Dempsey  1'"", ""Brooks  86'""]"
Germany ,2–2, Ghana,21 June 2014,"Estádio Castelão, Fortaleza","[""Götze  51'"", ""Klose  71'""]","[""A. Ayew  54'"", ""Gyan  63'""]"
United States ,2–2, Portugal,22 June 2014,"Arena da Amazônia, Manaus","[""Jones  64'"", ""Dempsey  81'""]","[""Nani  5'"", ""Varela  90+5'""]"
United States ,0–1, Germany,26 June 2014,"Itaipava Arena Pernambuco, Recife",[],"[""Müller  55'""]"
Portugal ,2–1, Ghana,26 June 2014,"Estádio Nacional Mané Garrincha, Brasília","[""Boye  31'(o.g.)"", ""Ronaldo  80'""]","[""Gyan  57'""]"
Belgium ,2–1, Algeria,17 June 2014,"Estádio Mineirão, Belo Horizonte","[""Fellaini  70'"", ""Mertens  80'""]","[""Feghouli  25'(pen.)""]"
Russia ,1–1, South Korea,17 June 2014,"Arena Pantanal, Cuiabá","[""Kerzhakov  74'""]","[""Lee Keun-ho  68'""]"
Belgium ,1–0, Russia,22 June 2014,"Estádio do Maracanã, Rio de Janeiro","[""Origi  88'""]",[]
South Korea ,2–4, Algeria,22 June 2014,"Estádio Beira-Rio, Porto Alegre","[""Son Heung-min  50'"", ""Koo Ja-cheol  72'""]","[""Slimani  26'"", ""Halliche  28'"", ""Djabou  38'"", ""Brahimi  62'""]"
South Korea ,0–1, Belgium,26 June 2014,"Arena de São Paulo, São Paulo",[],"[""Vertonghen  78'""]"
Algeria ,1–1, Russia,26 June 2014,"Arena da Baixada, Curitiba","[""Slimani  60'""]","[""Kokorin  6'""]"
Brazil ,1–1 (a.e.t.), Chile,28 June 2014,"Estádio Mineirão, Belo Horizonte","[""David Luiz  18'""]","[""Sánchez  32'""]"
Colombia ,2–0, Uruguay,28 June 2014,"Estádio do Maracanã, Rio de Janeiro","[""Rodríguez  28', 50'""]",[]
Netherlands ,2–1, Mexico,29 June 2014,"Estádio Castelão, Fortaleza","[""Sneijder  88'"", ""Huntelaar  90+4'(pen.)""]","[""Dos Santos  48'""]"
Costa Rica ,1–1 (a.e.t.), Greece,29 June 2014,"Itaipava Arena Pernambuco, Recife","[""Ruiz  52'""]","[""Papastathopoulos  90+1'""]"
France ,2–0, Nigeria,30 June 2014,"Estádio Nacional Mané Garrincha, Brasília","[""Pogba  79'"", ""Yobo  90+2'(o.g.)""]",[]
Germany ,2–1 (a.e.t.), Algeria,30 June 2014,"Estádio Beira-Rio, Porto Alegre","[""Schürrle  92'"", ""Özil  120'""]","[""Djabou  120+1'""]"
Argentina ,1–0 (a.e.t.), Switzerland,1 July 2014,"Arena Corinthians, São Paulo","[""Di María  118'""]",[]
Belgium ,2–1 (a.e.t.), United States,1 July 2014,"Itaipava Arena Fonte Nova, Salvador","[""De Bruyne  93'"", ""Lukaku  105'""]","[""Green  107'""]"
France ,0–1, Germany,4 July 2014,"Estádio do Maracanã, Rio de Janeiro",[],"[""Hummels  13'""]"
Brazil ,2–1, Colombia,4 July 2014,"Estádio Castelão, Fortaleza","[""Thiago Silva  7'"", ""David Luiz  69'""]","[""Rodríguez  80'(pen.)""]"
Argentina ,1–0, Belgium,5 July 2014,"Estádio Nacional Mané Garrincha, Brasília","[""Higuaín  8'""]",[]
Netherlands ,0–0 (a.e.t.), Costa Rica,5 July 2014,"Itaipava Arena Fonte Nova, Salvador",[],[]
Brazil ,1–7, Germany,8 July 2014,"Estádio Mineirão, Belo Horizonte","[""Oscar  90'""]","[""Müller  11'"", ""Klose  23'"", ""Kroos  24', 26'"", ""Khedira  29'"", ""Schürrle  69', 79'""]"
Netherlands ,0–0 (a.e.t.), Argentina,9 July 2014,"Arena Corinthians, São Paulo",[],[]
Brazil ,0–3, Netherlands,12 July 2014,"Estádio Nacional Mané Garrincha, Brasília",[],"[""Van Persie  3'(pen.)"", ""Blind  17'"", ""Wijnaldum  90+1'""]"
Germany ,1–0 (a.e.t.), Argentina,13 July 2014,"Maracanã Stadium, Rio de Janeiro","[""Götze  113'""]",[]
Russia ,5–0, Saudi Arabia,14 June 2018 (2018-06-14),"Luzhniki Stadium, Moscow","[""Gazinsky  12'"", ""Cheryshev  43', 90+1'"", ""Dzyuba  71'"", ""Golovin  90+4'""]",[]
Egypt ,0–1, Uruguay,15 June 2018 (2018-06-15),"Central Stadium, Yekaterinburg",[],"[""Giménez  89'""]"
Russia ,3–1, Egypt,19 June 2018 (2018-06-19),"Krestovsky Stadium, Saint Petersburg","[""Fathy  47'(o.g.)"", ""Cheryshev  59'"", ""Dzyuba  62'""]","[""Salah  73'(pen.)""]"
Uruguay ,1–0, Saudi Arabia,20 June 2018 (2018-06-20),"Rostov Arena, Rostov-on-Don","[""Suárez  23'""]",[]
Uruguay ,3–0, Russia,25 June 2018 (2018-06-25),"Cosmos Arena, Samara","[""Suárez  10'"", ""Cheryshev  23'(o.g.)"", ""Cavani  90'""]",[]
Saudi Arabia ,2–1, Egypt,25 June 2018 (2018-06-25),"Volgograd Arena, Volgograd","[""Al-Faraj  45+6'(pen.)"", ""Al-Dawsari  90+5'""]","[""Salah  22'""]"
Morocco ,0–1, Iran,15 June 2018 (2018-06-15),"Krestovsky Stadium, Saint Petersburg",[],"[""Bouhaddouz  90+5'(o.g.)""]"
Portugal ,3–3, Spain,15 June 2018 (2018-06-15),"Fisht Olympic Stadium, Sochi","[""Ronaldo  4'(pen.), 44', 88'""]","[""Costa  24', 55'"", ""Nacho  58'""]"
Portugal ,1–0, Morocco,20 June 2018 (2018-06-20),"Luzhniki Stadium, Moscow","[""Ronaldo  4'""]",[]
Iran ,0–1, Spain,20 June 2018 (2018-06-20),"Kazan Arena, Kazan",[],"[""Costa  54'""]"
Iran ,1–1, Portugal,25 June 2018 (2018-06-25),"Mordovia Arena, Saransk","[""Ansarifard  90+3'(pen.)""]","[""Quaresma  45'""]"
Spain ,2–2, Morocco,25 June 2018 (2018-06-25),"Kaliningrad Stadium, Kaliningrad","[""Isco  19'"", ""Aspas  90+1'""]","[""Boutaïb  14'"", ""En-Nesyri  81'""]"
France ,2–1, Australia,16 June 2018 (2018-06-16),"Kazan Arena, Kazan","[""Griezmann  58'(pen.)"", ""Behich  81'(o.g.)""]","[""Jedinak  62'(pen.)""]"
Peru ,0–1, Denmark,16 June 2018 (2018-06-16),"Mordovia Arena, Saransk",[],"[""Poulsen  59'""]"
Denmark ,1–1, Australia,21 June 2018 (2018-06-21),"Cosmos Arena, Samara","[""Eriksen  7'""]","[""Jedinak  38'(pen.)""]"
France ,1–0, Peru,21 June 2018 (2018-06-21),"Central Stadium, Yekaterinburg","[""Mbappé  34'""]",[]
Denmark ,0–0, France,26 June 2018 (2018-06-26),"Luzhniki Stadium, Moscow",[],[]
Australia ,0–2, Peru,26 June 2018 (2018-06-26),"Fisht Olympic Stadium, Sochi",[],"[""Carrillo  18'"", ""Guerrero  50'""]"
Argentina ,1–1, Iceland,16 June 2018 (2018-06-16),"Otkritie Arena, Moscow","[""Agüero  19'""]","[""Finnbogason  23'""]"
Croatia ,2–0, Nigeria,16 June 2018 (2018-06-16),"Kaliningrad Stadium, Kaliningrad","[""Etebo  32'(o.g.)"", ""Modrić  71'(pen.)""]",[]
Argentina ,0–3, Croatia,21 June 2018 (2018-06-21),"Nizhny Novgorod Stadium, Nizhny Novgorod",[],"[""Rebić  53'"", ""Modrić  80'"", ""Rakitić  90+1'""]"
Nigeria ,2–0, Iceland,22 June 2018 (2018-06-22),"Volgograd Arena, Volgograd","[""Musa  49', 75'""]",[]
Nigeria ,1–2, Argentina,26 June 2018 (2018-06-26),"Krestovsky Stadium, Saint Petersburg","[""Moses  51'(pen.)""]","[""Messi  14'"", ""Rojo  86'""]"
Iceland ,1–2, Croatia,26 June 2018 (2018-06-26),"Rostov Arena, Rostov-on-Don","[""Sigurðsson  76'(pen.)""]","[""Badelj  53'"", ""Perišić  90'""]"
Costa Rica ,0–1, Serbia,17 June 2018 (2018-06-17),"Cosmos Arena, Samara",[],"[""Kolarov  56'""]"
Brazil ,1–1, Switzerland,17 June 2018 (2018-06-17),"Rostov Arena, Rostov-on-Don","[""Coutinho  20'""]","[""Zuber  50'""]"
Brazil ,2–0, Costa Rica,22 June 2018 (2018-06-22),"Krestovsky Stadium, Saint Petersburg","[""Coutinho  90+1'"", ""Neymar  90+7'""]",[]
Serbia ,1–2, Switzerland,22 June 2018 (2018-06-22),"Kaliningrad Stadium, Kaliningrad","[""Mitrović  5'""]","[""Xhaka  52'"", ""Shaqiri  90'""]"
Serbia ,0–2, Brazil,27 June 2018 (2018-06-27),"Otkritie Arena, Moscow",[],"[""Paulinho  36'"", ""Thiago Silva  68'""]"
Switzerland ,2–2, Costa Rica,27 June 2018 (2018-06-27),"Nizhny Novgorod Stadium, Nizhny Novgorod","[""Džemaili  31'"", ""Drmić  88'""]","[""Waston  56'"", ""Sommer  90+3'(o.g.)""]"
Germany ,0–1, Mexico,17 June 2018 (2018-06-17),"Luzhniki Stadium, Moscow",[],"[""Lozano  35'""]"
Sweden ,1–0, South Korea,18 June 2018 (2018-06-18),"Nizhny Novgorod Stadium, Nizhny Novgorod","[""Granqvist  65'(pen.)""]",[]
South Korea ,1–2, Mexico,23 June 2018 (2018-06-23),"Rostov Arena, Rostov-on-Don","[""Son Heung-min  90+3'""]","[""Vela  26'(pen.)"", ""Hernández  66'""]"
Germany ,2–1, Sweden,23 June 2018 (2018-06-23),"Fisht Olympic Stadium, Sochi","[""Reus  48'"", ""Kroos  90+5'""]","[""Toivonen  32'""]"
South Korea ,2–0, Germany,27 June 2018 (2018-06-27),"Kazan Arena, Kazan","[""Kim Young-gwon  90+4'"", ""Son Heung-min  90+6'""]",[]
Mexico ,0–3, Sweden,27 June 2018 (2018-06-27),"Central Stadium, Yekaterinburg",[],"[""Augustinsson  50'"", ""Granqvist  62'(pen.)"", ""Álvarez  74'(o.g.)""]"
Belgium ,3–0, Panama,18 June 2018 (2018-06-18),"Fisht Olympic Stadium, Sochi","[""Mertens  47'"", ""Lukaku  69', 75'""]",[]
Tunisia ,1–2, England,18 June 2018 (2018-06-18),"Volgograd Arena, Volgograd","[""Sassi  35'(pen.)""]","[""Kane  11', 90+1'""]"
Belgium ,5–2, Tunisia,23 June 2018 (2018-06-23),"Otkritie Arena, Moscow","[""E. Hazard  6'(pen.), 51'"", ""Lukaku  16', 45+3'"", ""Batshuayi  90'""]","[""Bronn  18'"", ""Khazri  90+3'""]"
England ,6–1, Panama,24 June 2018 (2018-06-24),"Nizhny Novgorod Stadium, Nizhny Novgorod","[""Stones  8', 40'"", ""Kane  22'(pen.), 45+1'(pen.), 62'"", ""Lingard  36'""]","[""Baloy  78'""]"
England ,0–1, Belgium,28 June 2018 (2018-06-28),"Kaliningrad Stadium, Kaliningrad",[],"[""Januzaj  51'""]"
Panama ,1–2, Tunisia,28 June 2018 (2018-06-28),"Mordovia Arena, Saransk","[""Meriah  33'(o.g.)""]","[""F. Ben Youssef  51'"", ""Khazri  66'""]"
Colombia ,1–2, Japan,19 June 2018 (2018-06-19),"Mordovia Arena, Saransk","[""Quintero  39'""]","[""Kagawa  6'(pen.)"", ""Osako  73'""]"
Poland ,1–2, Senegal,19 June 2018 (2018-06-19),"Otkritie Arena, Moscow","[""Krychowiak  86'""]","[""Cionek  37'(o.g.)"", ""Niang  60'""]"
Japan ,2–2, Senegal,24 June 2018 (2018-06-24),"Central Stadium, Yekaterinburg","[""Inui  34'"", ""Honda  78'""]","[""Mané  11'"", ""Wagué  71'""]"
Poland ,0–3, Colombia,24 June 2018 (2018-06-24),"Kazan Arena, Kazan",[],"[""Mina  40'"", ""Falcao  70'"", ""Ju. Cuadrado  75'""]"
Japan ,0–1, Poland,28 June 2018 (2018-06-28),"Volgograd Arena, Volgograd",[],"[""Bednarek  59'""]"
Senegal ,0–1, Colombia,28 June 2018 (2018-06-28),"Cosmos Arena, Samara",[],"[""Mina  74'""]"
France ,4–3, Argentina,30 June 2018 (2018-06-30),"Kazan Arena, Kazan","[""Griezmann  13'(pen.)"", ""Pavard  57'"", ""Mbappé  64', 68'""]","[""Di María  41'"", ""Mercado  48'"", ""Agüero  90+3'""]"
Uruguay ,2–1, Portugal,30 June 2018 (2018-06-30),"Fisht Olympic Stadium, Sochi","[""Cavani  7', 62'""]","[""Pepe  55'""]"
Spain ,1–1 (a.e.t.), Russia,1 July 2018 (2018-07-01),"Luzhniki Stadium, Moscow","[""Ignashevich  12'(o.g.)""]","[""Dzyuba  41'(pen.)""]"
Croatia ,1–1 (a.e.t.), Denmark,1 July 2018 (2018-07-01),"Nizhny Novgorod Stadium, Nizhny Novgorod","[""Mandžukić  4'""]","[""M. Jørgensen  1'""]"
Brazil ,2–0, Mexico,2 July 2018 (2018-07-02),"Cosmos Arena, Samara","[""Neymar  51'"", ""Firmino  88'""]",[]
Belgium ,3–2, Japan,2 July 2018 (2018-07-02),"Rostov Arena, Rostov-on-Don","[""Vertonghen  69'"", ""Fellaini  74'"", ""Chadli  90+4'""]","[""Haraguchi  48'"", ""Inui  52'""]"
Sweden ,1–0, Switzerland,3 July 2018 (2018-07-03),"Krestovsky Stadium, Saint Petersburg","[""Forsberg  66'""]",[]
Colombia ,1–1 (a.e.t.), England,3 July 2018 (2018-07-03),"Otkritie Arena, Moscow","[""Mina  90+3'""]","[""Kane  57'(pen.)""]"
Uruguay ,0–2, France,6 July 2018 (2018-07-06),"Nizhny Novgorod Stadium, Nizhny Novgorod",[],"[""Varane  40'"", ""Griezmann  61'""]"
Brazil ,1–2, Belgium,6 July 2018 (2018-07-06),"Kazan Arena, Kazan","[""Renato Augusto  76'""]","[""Fernandinho  13'(o.g.)"", ""De Bruyne  31'""]"
Sweden ,0–2, England,7 July 2018 (2018-07-07),"Cosmos Arena, Samara",[],"[""Maguire  30'"", ""Alli  59'""]"
Russia ,2–2 (a.e.t.), Croatia,7 July 2018 (2018-07-07),"Fisht Olympic Stadium, Sochi","[""Cheryshev  31'"", ""Fernandes  115'""]","[""Kramarić  39'"", ""Vida  101'""]"
France ,1–0, Belgium,10 July 2018 (2018-07-10),"Krestovsky Stadium, Saint Petersburg","[""Umtiti  51'""]",[]
Croatia ,2–1 (a.e.t.), England,11 July 2018 (2018-07-11),"Luzhniki Stadium, Moscow","[""Perišić  68'"", ""Mandžukić  109'""]","[""Trippier  5'""]"
Belgium ,2–0, England,14 July 2018 (2018-07-14),"Krestovsky Stadium, Saint Petersburg","[""Meunier  4'"", ""E. Hazard  82'""]",[]
France ,4–2, Croatia,15 July 2018 (2018-07-15),"Luzhniki Stadium, Moscow","[""Mandžukić  18'(o.g.)"", ""Griezmann  38'(pen.)"", ""Pogba  59'"", ""Mbappé  65'""]","[""Perišić  28'"", ""Mandžukić  69'""]"
